input_name,duration, num_points_input, num_faces_out 
screwdriver,62.63944745063782,8192,1433
wand,65.05567455291748,8192,1200
grenade,73.10858535766602,8192,1292
gherkin,26.173097848892212,8192,551
gherkin,25.390010118484497,8192,551
