input_name, n_faces_in, duration, num_points_input, num_faces_outbuilding_300,19760,97.26221346855164,8192,846
complex_300,19760,53.66749453544617,8192,832
gherkin,19760,22.00345206260681,8192,488
station_300,19760,46.03702163696289,8192,654
test,19760,43.62845969200134,8192,480
